{"cameraMode":{"drawMode":0,"name":"Shaded","section":"Shading Mode"},"sceneLighting":true,"audioPlay":false,"sceneViewState":{"showFog":true,"showMaterialUpdate":false,"showSkybox":false,"showFlares":true,"showImageEffects":true,"showParticleSystems":true},"in2DMode":false,"pivot":{"x":2.4051966667175295,"y":-0.3983907401561737,"z":3.330483913421631},"rotation":{"x":0.32858094573020937,"y":-0.3591783344745636,"z":0.1367965191602707,"w":0.8627350926399231},"size":5.407395362854004,"orthographic":false}